cell number,10,20,30,40,50,60,70,80,90,100,110,120,130,140,150,160,170,180,190,200,210,220,230,240,250,260,270,280,290,300,310,320,330,340,350,360,370,380,390,400,410,420,430,440,450,460,470,480,490,500,510,520,530,540,550,560,570,580,590
1,2.3131020962213658,4.007690097894062,6.822418043465188,10.9379488652686,16.719333524849183,23.5290898893312,28.61246768170065,39.313415685147945,46.71892313374645,58.966256380792416,77.53257945731372,83.80350474001723,96.07584027578282,103.8271250279294,126.01264004596379,153.77765010054583,170.6406205113473,168.7528214388312,187.91534999521207,216.04902805707172,226.86967346547922,256.43205975294455,296.5354783108302,321.5397874174088,332.1574260270037,376.88020683711574,379.74719908072393,398.7934501580006,459.35076127549553,475.17954610744033,497.38580867566793,558.0580293019248,559.8774298573206,579.2205304988987,606.6839030929809,655.8651728430527,691.7935459159245,717.1119410131187,785.5597050655942,806.7030546777745,843.6273101599157,876.6063391745666,963.439624628938,818.385521401896,828.6124676817005,971.6748060902039,959.9540361964952,1230.5659293306521,1214.4785981039931,1264.0045963803504,1258.6038494685436,1340.821602987647,1367.3082447572535,1455.5012927319735,1525.3088193047975,1550.4740017236425,1625.5099109451305,1791.439241597242,1804.8836541223784,1848.4918126975008,1889.9741453605286,1955.3002010916402,1955.5300201091638,2108.9342143062336,2256.3056592933062,1129.7902901465095,1145.0732548118356,1248.4918126975006,1319.7357081298476,1412.9273197357081,1429.1295604711288,1445.5616202240735,1584.9468543521975,1688.2505027291006,1727.5495547256535,1789.945417983338,1853.490376328641,1918.1844297615626,2008.273484630853,2100.6607296753805,2353.9212869864978,2427.34846308532,2474.001723642631,2606.2625682275207,2683.5966676242456,2703.2461936225222,2723.1255386383223,2831.8299339270325,2852.1689169778797,2872.7377190462507,2953.748922723355,3355.357655846021,3376.6159149669634,3398.1039931054293,3588.1643205975292,4149.6121804079285,4560.183855214019,4194.1970698075265,4216.834243033611,4392.301062912956,4415.3978741740875,4438.7245044527435,4579.143924159724,4681.98793450158,4745.877621373168,4770.123527721918,4956.391841424877,5104.854926745188,5213.444412525136,5365.814421143349,5477.161735133582,5502.786555587474,5528.641195058891,5729.388106865843,6208.445848893995,6234.989945417983,6261.763860959494,6288.767595518529,6316.001149095087,6483.769031887388,6606.147658718759,6729.675380637747,6805.975294455616,6931.341568514794,7057.8569376615915,7086.699224360816,7264.349324906636,7545.877621373168,7781.327204826199,8073.656995116346,8371.962079862107,
2,6.118931341568518,17.5989856264054,33.88318541254025,54.20955135761622,89.77929880219325,110.92396316847852,159.59494398161448,190.04391184799115,251.201761945801,323.6583009062182,368.80206837115765,435.5964122697819,509.8678540649239,526.1706406205113,652.2427873763697,698.157343948783,871.1481375083789,907.9191803121707,944.5370104376135,1071.370295891985,1206.7107153116917,1295.5127836828499,1373.5823039356505,1510.0833093938522,1713.5880494110884,1857.885665038782,1876.7882792301061,1942.1430623384085,2091.6116058603848,2043.8954323470264,2211.012161256344,2522.1105046442594,2807.6606339174564,2892.0808196878293,3172.613233745092,3243.0910657856934,3434.147275687063,3596.859140093842,3658.0293019247338,3827.0611893134155,3995.5759839126686,4080.78138465958,4210.916403332375,4365.87187589773,4661.131858661303,4934.444125251364,5220.970985349037,5901.86727951738,6731.341568514794,6776.558460212582,6906.004021832807,7365.297328353921,7452.341281241022,7478.138465958058,7627.176098822177,7735.2484918126975,8137.374317724791,8354.66819879345,6321.172076989371,8062.510772766446,8497.098534903762,8511.23240448147,8525.596093076701,9160.700948003447,9623.556449296178,9834.070669347888,9849.353634013214,10128.698649813272,10277.736282677392,10630.968112611317,11198.735995403618,11853.260557311116,12086.756679115197,12249.353634013214,12486.756679115197,12652.111462223498,13043.723068083884,14297.041080149382,14394.254524561906,14973.168629704107,15399.023269175523,15582.303935650674,15766.733697213444,16035.851766733696,16307.268026429187,16496.064349324904,16856.995116345875,16962.941683424302,17328.928468830796,17963.228957196206,18699.224360815857,19174.71990807239,19656.190749784542,20237.517954610743,22481.930479747196,22503.87819592071,22925.02154553289,24892.73197357081,25020.05170927894,25042.91870152255,25487.0439528871,25828.555012927318,26387.01522550991,27607.813846595804,28185.11921861534,28209.36512496409,28792.875610456762,29042.803792013787,29407.296753806375,30232.806664751508,30604.65383510485,30630.278655558745,31472.565354783106,31970.238437230677,32710.830221200802,32737.37431772479,
3,1.180434044553551,3.119967268200534,5.808153351962601,8.830621643031874,11.68541312178198,17.92588336684861,14.797791183887133,19.807526572823896,26.92165633849058,31.57359733056372,36.08158575122091,43.999895536810214,49.36512496409078,41.060997797567744,46.40907785119219,45.44671071531168,74.93741535683505,93.83182172610498,91.46796897443262,89.15062721440198,86.90989179354591,103.64837690318872,95.25998276357367,89.60643493249066,95.23700086182131,96.3860959494398,111.77822464808962,125.22263717322608,152.82964665326054,157.39729962654408,152.5711002585464,161.85004309106574,194.65670784257395,223.72881355932202,230.35526189792202,252.3029780714354,306.3487503590922,325.0406971176865,318.26103610073733,339.32777937374317,360.66264483386,335.84219094130043,414.0189600689457,410.53337163650286,431.71502441827056,408.21602987647225,388.27923010629127,378.0522838264866,383.5679402470554,384.3723068083884,382.361390405056,350.76127549554724,362.8267739155415,370.9853490376329,390.4050560183855,416.48951450732545,433.0939385234128,461.9362252226372,483.8839413961505,494.39816144785976,538.4659580580293,529.3306521114622,512.3814995690893,496.63889686871585,506.1763860959494,519.1611605860385,553.0594656707842,568.572249353634,576.5010054582016,585.5788566503878,595.8058029301924,618.2131571387532,641.7696064349325,706.9232979029014,724.0448147084171,753.8063774777362,771.3875323182992,824.2459063487503,866.0729675380637,884.3435794311979,902.8440103418558,938.5808675667911,957.5409365124964,976.7308244757253,1117.4949727089916,1137.144498707268,1123.5851766733697,1143.6943407066933,1164.0333237575408,1195.5185291582877,1216.3171502441826,1205.285837403045,1196.5527147371445,1218.0407928756104,1220.9135305946565,1224.9353634013214,1247.1128985923585,1269.5202528009193,1292.1574260270036,1315.0244182706117,1321.1146222349898,1336.282677391554,1359.8391266877334,1383.6253950014363,1407.641482332663,1431.8873886814133,1426.027003734559,1450.7325481183566,1475.6679115196782,1500.8330939385232,1526.228095374892,1582.1890261419132,1608.0436656133295,1642.2866992243607,1685.6075840275782,1730.0775639184142,1775.6966388968685,1802.7003734559034,1829.9339270324617,1867.1646078713013,1915.0818730249928,2021.0284401034185,2086.0672220626257,2020.683711577133,2007.9287561045676,2027.0037345590347,2019.3047974719907,1986.095949439816,2002.2981901752369,2008.1585751220912,2032.749209997127,2039.4139615053143,
4,1.7069622188655473,5.156100860894629,11.269539871497532,17.614515665687463,25.873791056209907,35.196782533754664,47.78207749632459,54.17600306425357,65.70172143283317,81.20271952504068,100.22198427828994,101.5800057454754,121.7147052251907,150.37345590347599,166.01551278368282,182.361390405056,195.06709894529487,264.50253758498513,297.2517475821124,309.7577324523604,352.4964090778511,326.1821315713875,341.92473427176094,359.0232691755242,451.76673369721345,530.7957483481757,536.6561332950301,569.8075265728238,543.9528871014076,563.9184142487791,560.126400459638,570.1809824762998,646.0978645982955,733.4673944268889,800.2298190175237,837.039164990903,843.8954323470267,827.999616968304,846.3851383702,791.2668773340993,805.6305659293306,650.6176386095949,663.1427750646366,668.8307957483481,732.4332088480321,793.3927032461936,873.4271760988221,922.2637173226083,956.6791151967825,1070.6118931341566,1187.1875897730536,1245.906348750359,1405.975294455616,1546.5096236713587,1855.5012927319735,1894.4556162022407,1907.4403906923296,1920.6549841999424,1968.7446136167769,2030.2212008043664,2053.8351048549266,2051.0198218902615,2110.7727664464232,2125.366274059178,2195.8058029301924,2267.394426888825,2369.204251651824,2384.7170353346737,2400.459638035047,2475.2657282390114,2491.4679689744326,2507.900028727377,2524.5619074978454,2541.453605285837,2499.7414536052856,2517.092789428325,2534.673944268888,2552.4849181269747,2371.8471703533464,2308.4171215168053,2273.599540361965,2214.0764148233266,2182.0166618787703,2101.924734271761,2002.4130996839988,1953.4616489514506,1906.8083883941395,1883.7115771330077,1820.3964378052283,1780.6377477736282,1705.4869290433783,1653.8925596093075,1657.5696638896868,1611.0313128411376,1552.8871014076415,1500.7181844297615,1481.183567940247,1476.9319161160586,1473.8293593794886,1413.8465958058027,1404.8836541223786,1388.6814133869577,1367.9977018098248,1383.6253950014363,1407.641482332663,1431.8873886814133,1426.027003734559,1450.7325481183566,1475.6679115196782,1500.8330939385232,1526.228095374892,1551.8529158287847,1577.707555300201,1603.792013789141,1630.1062912956047,1656.650387819592,1676.41482332663,1690.0890548692903,1717.3226084458488,1720.8848032174662,1733.0652111462223,1760.9882217753518,1775.6966388968685,1804.0792875610455,
5,1.2605224900542358,2.294708068910885,4.068841242067325,5.564405909134435,8.733122665900604,8.848032174662457,13.884898975390213,15.943694340706692,18.311651003406244,23.848142664574723,24.83960547735325,29.10344467368311,35.46107440390691,40.20556034345175,48.463085320310256,49.49727089916691,58.39044609512866,59.079903147699746,75.47639567174184,87.90577420281528,94.32155510868523,85.1096428229436,91.78971559896581,110.81873024992817,121.71215168055156,120.97673082447571,135.53576558460213,154.46710715311693,168.65843148520537,180.92502154553287,192.3297902901465,183.912668773341,182.87848319448432,196.45695681317625,212.19955951354973,232.65345207315906,263.5258067605094,269.3861917073637,287.12055922627593,301.6757636694436,314.5456286507708,320.5592262759743,319.33352484918123,321.057167480609,348.75035909221486,359.2071243895432,375.7540936512496,396.32289571962076,415.2255099109451,426.6015512783682,438.2074116633151,450.0430910657857,472.22062625682275,493.3065211146222,530.3648376903188,535.5357655846021,556.1045676529732,577.3628267739155,588.509049123815,626.6015512783682,645.7339844872163,670.6693478885377,674.2315426601551,663.8322321172077,678.6555587474863,694.168342430336,748.5205400746911,774.4900890548693,834.3579431197932,873.7719046251077,889.9741453605285,918.4717035334673,959.9540361964952,976.8457339844872,1032.92157426027,1050.2729100833094,1067.8540649238723,1085.665038781959,1130.8244757253663,1177.1330077563919,1224.590634875036,1258.1442114334961,1277.1042803792013,1296.2941683424303,1377.3053720195346,1445.5616202240735,1465.4409652398735,1436.9434070669347,1457.2823901177821,1372.4791726515368,1393.2777937374317,1414.3062338408502,1435.5644929617924,1457.0525711002585,1478.770468256248,1529.6753806377476,1566.6762424590634,1589.083596667624,1611.7207698937086,1634.5877621373168,1657.6845733984487,1681.0112036771043,1704.5676529732834,1728.3539212869864,1782.7061189313415,1838.207411663315,1878.6555587474863,1935.9954036196493,2082.3901177822463,2107.5553002010915,2132.95030163746,2122.7233553576557,2148.577994829072,2210.5142200517093,2236.828497558173,2300.143636885952,2326.9175524274633,2353.9212869864978,2399.885090491238,2504.567652973283,2532.260844584889,2580.063200229819,2648.6641769606435,2677.0468256248205,2705.659293306521,2694.053432921574,2723.1255386383223,2655.328928468831,2684.860672220626,2714.6222349899454,2744.613616776788,2774.8348175811548,
6,4.733053023774082,15.650326882731365,31.122195816249246,50.87009131823841,71.50465162530661,106.48455250581074,149.27383574324108,180.3720195346165,232.92978208232444,260.44682120522396,323.4032366178301,367.90890809850873,436.4148233266302,552.8551820996521,521.3875323182992,654.7112898592358,670.7596339311364,861.3124307465014,737.7956525902518,948.3673273963419,1202.3173417600306,1239.5097194292828,1128.0436656133293,1265.544383797759,1533.8351048549266,1707.1646078713013,1514.5647802355643,1582.0453892559608,1780.5802930192472,2002.4992818155702,2217.236426314277,2532.4044814708413,2720.338983050847,2178.07143541128,2079.7088959111366,2526.2472469596855,2683.213635928373,2869.979890835966,3283.845638226563,3738.2744422100927,4121.0763190654025,4754.6873503782435,4736.838073350569,4798.659389064444,2582.8210284401034,3004.481470841712,3146.3947141625968,2987.015225509911,3734.9612180407926,4031.3128411376038,4249.238724504453,4351.220913530595,5110.485492674518,5526.802642918701,5995.690893421431,6055.558747486354,6257.8569376615915,6930.996839988509,7258.086756679115,7672.335535765585,8025.682275208273,8507.555300201091,9518.12697500718,9622.579718471703,9909.738580867566,10481.873024992818,1197.1272622809536,1230.4510198218902,1357.8856650387818,1600.1149095087617,1751.4507325481181,1911.2898592358517,2079.632289571962,2175.4668198793447,2192.5883366848607,2263.7173226084456,2308.532031025567,2437.575409365125,2873.8868141338694,2892.1574260270036,2942.25797184717,3024.8779086469403,3342.7176098822174,3901.4076414823326,4190.290146509624,4490.663602413099,5239.18414248779,6054.352197644354,6074.691180695202,6095.259982763573,6362.539500143636,6998.563631140476,7285.837403045101,7469.692617064062,7878.3108302212,8183.510485492674,9029.359379488653,9920.4826199368,10394.369434070668,10614.076414823327,10836.08158575122,11127.836828497557,11151.393277793737,11378.9141051422,11402.930192473426,12911.23240448147,13452.915828784831,13853.950014363687,14415.397874174087,14909.39385234128,14934.788853777649,15277.563918414247,15543.694340706692,15893.363975869002,17165.87187589773,17791.669060614764,17991.726515369144,19167.480609020397,20197.069807526572,20689.34214306234,21663.889686871586,21691.812697500718,22591.783970123528,23410.74403906923,24858.259120942257,26670.611893134155,26699.683998850902,26943.177247917265,27512.209135305944,27650.560183855214,28117.207698937083,29031.77247917265,
7,1.5599836341002675,4.0810286142087335,6.784884176438325,12.055052101015907,16.370185402072796,21.613433966206156,29.104025024737457,40.08187302499282,41.73677514671482,56.35869445119661,60.174279421622124,79.87255490846414,84.20568802068372,105.44862587379106,111.51967825337546,136.00976730824476,135.74096113596258,151.2044978864858,161.12228286890738,154.93632098056113,166.29321076319064,210.7057358996457,261.90175237000864,228.76185004309104,229.7041080149382,250.27291008330934,307.8138465958058,328.7848319448434,353.97874174087906,322.2637173226084,343.29215742602696,361.6489514507325,415.5702384372306,396.85914009384277,469.750071818443,526.7834913339078,556.1620224073541,561.6393756583357,554.514986115101,563.5928373072871,542.1047591688211,564.1673848510964,585.0043091065785,675.4380925021545,347.1990807239299,451.1347313990232,509.6811261131858,530.4797471990807,605.0560183855214,684.9755817293881,740.4194197069806,789.0261419132432,948.9227233553577,1021.8328066647515,1072.1057167480608,1176.9606434932489,1217.2938810686583,1272.3929905199655,1223.3266302786556,1221.9477161735133,1235.851766733697,1320.6549841999424,1377.9373743177248,1421.7178971559897,1511.5196782533753,1652.5136455041652,535.2484918126975,550.7612754955472,566.5038781959207,582.4762999138178,595.8058029301924,603.045101982189,617.9833381212295,630.2786555587475,646.3659867854064,664.1769606434932,681.7581154840562,704.7400172364263,726.4579143924159,746.9118069520252,765.4122378626831,802.0683711577133,824.8204538925595,852.2838264866417,863.4300488365411,900.5458201666187,920.4251651824188,956.0471128985923,976.3860959494398,1041.1950588911232,1061.993679977018,1105.4294742889974,1142.7750646365987,1208.503303648377,1249.5259982763573,1291.6977879919561,1345.9350761275496,1426.3717322608445,1499.569089342143,1590.8072392990518,1657.6845733984487,1742.6027003734557,1814.7658718758976,1889.2272335535765,1984.0275782821027,2140.99396725079,2225.797184717035,2291.870152255099,2316.8055156564205,2405.7454754380924,2542.0281528296464,2613.616776788279,2686.35449583453,2712.43895432347,2738.7532318299336,2837.345590347601,2815.857512209135,2891.123240448147,2918.3567940247053,2945.8201666187874,2973.5133582303934,3001.436368859523,3029.589198506176,3157.2536627405916,3185.8661304222924,3291.5828784831942,3320.654984199942,3402.3556449296175,3458.4314852054003,3596.667624245906,3710.4280379201377,3884.860672220626,
8,2.272944904372655,5.705431215342162,11.791282546812566,18.54918039922349,27.640156453715772,30.163746049985637,40.805643333652526,50.06463659867854,60.5737267616038,74.12547234437496,81.09738580867567,103.59614530829698,121.20654984199942,156.86424718312108,145.07325481183568,154.62510772766447,151.99244880370995,197.97266795255877,174.22196686775828,256.439720386862,281.83472182323084,260.32749209997127,254.5475438092502,329.42257971847164,412.9388106865843,361.8730249928181,298.9370870439529,310.97385808675665,359.60930767020966,450.8474576271186,583.5104854926744,490.17523700086184,537.1732260844584,486.02891889303834,541.3003926074883,500.2393948099205,519.1228574164512,656.5546298956239,816.3554534137699,981.2505984870248,1088.6143828401798,1125.4237288135591,966.005936991286,1025.337546681988,843.665613329503,878.0235564492962,1056.650387819592,1138.638322321172,1192.7032461936226,1193.2777937374317,1182.8210284401034,1283.424303361103,1289.4570525711001,1147.026716460787,1165.7569663889685,1215.5702384372307,1317.0353346739441,1390.6348750359093,1554.610744039069,1761.4478598103992,1976.6733697213442,2273.1399023269173,2232.6917552427462,1902.2694627980463,2005.2858374030448,2096.6963516230967,826.5440965239873,854.1223786268313,894.6854352197644,910.6578569376616,952.5998276357368,1009.3651249640907,1026.027003734559,1070.9566216604424,1117.0353346739441,1149.209997127262,1197.1272622809536,1184.602125825912,1202.6429187015224,1251.249640907785,1316.9778799195633,1368.3424303361103,1420.8560758402757,1527.9517380063198,1680.0919276070094,1760.068945705257,1821.3157138753231,2016.0873312266588,2177.0755530020106,2271.0715311692043,2291.870152255099,2362.999138178684,2513.5305946567078,2810.801493823614,2919.7357081298474,3061.189313415685,3083.366848606722,3197.816719333525,3220.453892559609,3305.8316575696635,3392.358517667337,3415.6851479459924,3536.1103131284112,3692.2723355357653,3749.956908934214,3842.2292444699797,3632.634300488365,3657.3398448721628,3748.0034472852626,3773.168629704108,3798.5636311404764,3992.5308819304796,4087.3312266590056,4398.391266877334,4572.70899166906,4712.6687733409935,4893.881068658431,5159.436943407067,5433.496121804079,5802.930192473426,6141.913243320884,6306.693478885378,6520.54007469118,7029.244469979891,7206.434932490663,6988.796322895719,6133.639758690031,6342.200517092789,6462.74059178397,6630.738293593795,6991.324332088479,7021.5455328928465,
9,1.8220121351405458,5.3258816257954456,10.527277950432213,17.497584288736256,25.66901641880096,35.81520461727298,40.51198570015002,55.63774777362827,71.19464850002052,78.89863655448258,99.02326917552428,105.74808701783708,147.61275495547255,151.06770085224554,122.3355357655846,171.31571387532318,242.1799975376534,218.29523535929738,202.73867662549074,264.15780905869957,269.15637268984005,301.0054582016662,280.1034185578857,311.33582303935657,383.59092214880786,508.03792013789143,449.008905486929,439.47141625969545,368.5435219764435,386.9864981327205,424.84918126975003,528.4975581729387,701.2065498419994,690.1082064540841,743.6943407066933,737.0295891985061,709.2214880781385,737.6424399119027,786.1342526094035,833.0556353538256,869.2904337833955,877.2191898879631,903.2270420377286,887.5993488461169,962.7118644067796,994.9439816144786,967.9402470554438,883.2519390979603,842.4016087331225,760.2987647227808,754.4383797759265,760.5285837403044,943.5219764435506,963.9758690031599,983.5679402470554,1043.49324906636,1096.1218040792874,1131.4564780235564,1174.4900890548693,1260.1551278368283,1324.7917265153692,1391.1519678253376,1493.9385234128124,1572.0195346164894,1699.1669060614763,1803.6771042803791,2369.204251651824,2473.31226659006,2549.267451881643,2657.282390117782,2735.9954036196496,2689.9166906061473,2706.5785693766156,2723.470267164608,2709.6811261131857,2915.9436943407063,3064.062051134731,3182.189026141913,3337.201953461649,3460.6147658718755,3479.1151967825335,3569.089342143062,3660.212582591209,3607.239299051996,3626.659006032749,3575.064636598678,3420.8560758402755,3440.9652398735993,3359.6093076702095,3380.1781097385806,3434.6452168916976,3523.700086182131,3544.9583453030737,3498.419994254524,3257.224935363401,3279.1726515369146,3144.498707268026,3166.906061476587,2979.6035621947713,2944.556162022407,2910.6578569376616,2933.984487216317,2873.7719046251077,2981.3272048261992,3487.043952887101,3608.158575122091,3698.3625395001436,3723.068083883941,3814.6509623671354,3873.484630853203,3966.9060614765867,4096.29416834243,4263.717322608446,4361.9649525998275,4498.2476299913815,4524.791726515369,4626.027003734559,4690.606147658718,4870.439528871014,5014.765871875898,5121.516805515656,5269.750071818443,5379.258833668486,5531.399023269175,5856.822752082734,5885.665038781959,6089.399597816719,6162.941683424303,6600.976730824475,6630.738293593795,6754.03619649526,7021.5455328928465,
10,1.5948046973614343,4.8749488565633365,9.756861925778903,16.60964717557651,24.135416436479343,35.04740017236426,41.929202974879495,54.90519965527147,69.2083555628514,87.90577420281527,111.97931628842287,136.84677861638508,145.78569376615914,159.54546905423092,182.31829933927034,204.09365124964089,228.07895924816347,264.29187015225506,288.0589868811644,310.7727664464234,349.4015129751986,426.77391554151103,412.8928468830795,459.201378914105,515.5530020109163,575.4438379775926,551.9103705831658,610.8014938236139,664.9525998276356,697.2421717897155,734.7026716460787,803.9356506750933,934.6164895145073,807.6989370870439,867.9881260174279,938.9638992626639,1023.3457818634492,1090.9125730154171,1174.1070573589964,1213.2528966772,1278.5598008235181,1382.9742411184525,1482.7539978933255,1684.2669730920231,1465.5558747486355,1580.9824762999137,1638.3797759264578,1682.1028440103419,1790.4625107727663,1795.346164895145,1860.0976730824477,1957.6558460212582,2065.3260557311114,2163.056592933065,2341.740879057742,2413.3295030163745,2483.366848606722,2574.2602700373454,2700.143636885952,2739.2703246193623,2855.0416546969263,2875.0933639758687,3056.822752082735,3160.298764722781,3413.904050560184,3678.713013501867,2610.0545820166617,2848.3769031887387,2963.056592933065,3046.1361677678824,3339.9597816719333,3500.7181844297615,3628.037920137891,3911.17494972709,3928.2964665326053,3945.6478023556447,3847.7449008905483,3981.0399310542944,3999.080723929905,4134.903763286412,4153.40419419707,4332.088480321746,4351.048549267452,4492.617064062051,4512.036771042804,4740.247055443838,5284.113760413674,5394.771617351335,5506.578569376616,5527.147371444987,5875.323182993392,5896.351623096811,6061.361677678828,6082.849755817293,6250.387819592071,6272.335535765585,6392.875610456765,6614.765871875898,6687.848319448434,6710.715311692042,6989.485779948291,7012.812410226946,7350.761275495547,7374.54754380925,7558.862395863257,7745.4754380925015,7989.658144211433,8181.557023843722,8604.653835104855,8803.906923297902,8829.30192473427,9090.261419132432,9235.162309681125,9321.114622234989,9589.198506176386,9615.742602700373,10074.461361677679,10101.465096236712,10317.265153691467,10471.588623958633,10691.29560471129,10978.454467107153,11071.9908072393,11100.373455903475,11593.105429474288,11892.214880781385,12333.58230393565,12293.593794886527,12671.875897730537,13199.540361964951,13446.365986785406,14214.306233840849,
11,0.7756391841424877,2.007434297006259,4.2072549685304645,5.846456521549887,7.150907122179746,9.396463921025829,11.4590315681956,12.984774490089054,17.113308983461238,20.96656575254679,24.52360432825816,31.767256013162363,34.036196495259986,35.175077404321875,42.889974145360526,45.84889399597816,48.40973447695654,56.12508720810933,55.94177918222732,52.51364550416546,66.62836349707938,77.20003830316958,76.82849755817293,87.37719046251077,103.23470267164608,120.97673082447572,105.31456478023556,105.88911232404482,104.05056018385521,109.22148807813845,114.42114334961217,125.94082160298763,142.63142775064637,153.36589102748252,167.4231542660155,184.77449008905486,200.51709278942835,199.13817868428612,198.79345015800058,203.84946854352197,212.0846500047879,222.04347409748155,235.6410993009671,250.69424494876952,279.11519678253376,289.5719620798621,303.5334673944269,306.1189313415685,314.73714449870727,326.1131858661304,335.65067509336393,344.3263430048836,348.635449583453,357.2536627405918,372.9388106865843,381.614478598104,399.59781671933354,405.97529445561617,414.07641482332656,421.94771617351336,435.85176673369716,450.50272910083305,465.78569376615917,487.21631715024415,499.5116345877621,516.0011490950876,517.6673369721344,531.8012065498419,548.9227233553577,564.8951450732548,579.7184717035334,596.150531456478,612.8124102269462,629.7041080149382,646.8256248204539,663.7173226084458,681.2984774490088,699.1094513070956,717.6098822177535,737.2594082160298,756.7940247055443,774.4900890548693,797.2421717897156,816.4320597529445,833.0939385234127,859.1783970123527,875.3806377477736,895.4898017810973,913.0709566216603,932.6055731111749,953.4041941970697,974.4326343004883,996.7250790002872,1020.9709853490376,1048.5492674518816,1075.5530020109163,1103.7058316575697,1126.1131858661304,1155.6449296179258,1171.617351335823,1201.6087331226659,1224.9353634013214,1252.2838264866416,1293.5363401321458,1333.0652111462223,1357.3111174949727,1381.7868428612467,1406.4923872450445,1431.427750646366,1441.0801493823612,1481.98793450158,1497.0410801493822,1517.954610744039,1526.5728239011778,1542.2005170927894,1557.713300775639,1578.6268313702958,1605.6305659293305,1643.7805228382647,1671.243895432347,1698.9370870439527,1726.8600976730822,1749.9569089342142,1776.156276931916,1801.0916403332374,1829.9339270324617,1856.2482045389254,1882.677391554151,1913.243320884803,1942.430336110313,1972.4217178971558,2003.2174662453317,
12,1.2440990121853845,2.4167476049119254,6.317287041216947,7.268953118773804,8.052858374030452,10.456765297328353,12.518752593443775,16.485684190366754,25.38679361431444,26.314277506463657,30.36744927006346,32.059752944556166,36.20926298317852,44.444444444444436,44.52743464521689,46.308532031025564,60.31107645586243,66.86091845528787,64.88556928085798,72.69941587666379,90.37632864119503,94.91525423728812,85.95231255386383,99.00603274920998,103.0508474576271,98.76472278081012,99.54036196495258,152.74346452168916,141.36742315426602,159.32203389830508,158.71875897730536,151.22091353059466,179.56525902518433,206.68390309298093,214.6126591975486,221.73704874078328,260.9211912285741,235.56449296179258,215.11060040218328,260.00191515847933,328.8327109068275,334.0419419706981,271.3013501867279,274.1740879057742,261.01694915254234,254.29474288997415,257.7420281528296,270.496983625395,293.478885377765,313.12841137604136,332.0884803217466,330.1350186727951,354.09365124964086,374.662453318012,393.56506750933636,438.55214018960066,424.1309968399885,426.14191324332086,453.1456478023556,503.0738293593795,577.01809824763,581.0399310542947,595.4036196495259,536.8572249353633,569.2617064062051,584.3148520540075,599.5978167193335,634.7601264004596,650.5027291008331,666.4751508187302,675.8977305372019,699.1094513070956,715.7713300775639,725.8833668486067,730.1350186727951,747.4863544958345,765.0675093363975,754.725653547831,783.3381212295317,791.0370583165757,773.3409939672507,844.4699798908359,875.3806377477736,914.2200517092789,933.6397586900315,967.5380637747774,1002.5854639471415,993.2777937374317,993.9672507900028,1002.5854639471415,1017.7535191037058,1009.8247629991381,1010.3993105429473,1026.831370295892,1044.4125251364549,1070.496983625395,1085.3203102556736,1107.7276644642343,1127.2622809537488,1149.0950876185004,1172.1918988796322,1195.5185291582877,1219.074978454467,1242.86124676817,1266.8773340993966,1291.238149956909,1316.6331513932778,1341.3386957770754,1366.274059178397,1390.4050560183855,1429.7041080149381,1455.3289284688308,1481.183567940247,1493.8236139040505,1519.7931628842287,1547.2565354783108,1574.0304510198218,1600.1149095087617,1641.1376041367423,1677.219189887963,1704.912381499569,1760.9882217753518,1828.5550129273197,1808.330939385234,1836.9434070669347,1865.785693766159,1890.6061476587186,
13,1.8106952895806665,4.450131884777101,7.939202423546002,14.109494833424737,15.017788875875636,25.593481496957498,24.016087331226657,36.541223786268304,29.00644314031272,30.83110512010253,45.12113377381977,44.752030503251405,47.31973570812985,52.24552331705448,70.61189313415684,76.29991381786843,103.66479254729757,65.99088931751959,98.6306616872546,101.19697404960259,97.25174758211243,126.47706597720962,134.23728813559322,160.96523987359953,136.35162309681127,136.05285837403045,122.3786268313703,130.76702097098536,160.64349324906635,195.6908934214306,187.41740879057738,246.59580580293016,261.76386095949437,257.24408694819493,189.9454179833381,180.48453509527914,207.7180886718376,320.0612850713396,336.5699511634587,364.7993871492866,341.6259695489801,323.1255386383223,301.4842478215072,302.2886143828402,241.88451594369434,248.8939959781672,256.82275208273484,267.0496983625395,278.88537776501005,305.6592933065211,332.43320884803217,361.5053145647802,397.4719908072393,397.5869003160011,445.27434645216886,455.96093076702095,546.6245331801206,572.4791726515368,680.3792013789141,709.9109451307095,760.815857512209,703.2461936225222,756.2194771617351,813.0996839988509,942.602700373456,957.6558460212582,681.7581154840562,649.008905486929,602.7003734559034,585.5788566503878,590.749784544671,597.5294455616202,614.1913243320885,633.3812122953174,675.78282102844,700.9480034472853,727.2622809537489,728.5262855501293,746.5670784257397,757.9431197931629,770.4682562482045,780.0057454754381,795.7483481758115,812.6400459638035,832.0597529445561,850.3303648376902,870.2097098534903,901.3501867279517,917.5524274633725,938.1212295317437,955.7023843723067,984.0850330364837,1001.2065498419994,1015.8000574547543,1041.1950588911232,1066.3602413099684,1088.5377765010053,1104.0505601838552,1126.6877334099397,1156.4492961792587,1183.6828497558172,1212.0654984199941,1230.5659293306521,1280.0919276070094,1304.108014938236,1346.7394426888825,1361.5627693191611,1406.4923872450445,1442.918701522551,1493.8236139040505,1519.2186153404193,1559.0922148807813,1600.1149095087617,1715.8287848319446,1762.8267739155415,1789.3708704395287,1837.7477736282676,1910.7153116920424,1962.309681126113,1989.7730537201953,2017.466245331801,2070.6693478885377,2073.542085607584,2077.5639184142487,2106.1763860959495,2135.0186727951736,2140.6492387245044,2193.3927032461934,2199.4829072105717,2277.0468256248205,2307.0382074116633,2337.25940821603,
14,2.733453466001591,8.816693217727403,15.659032148546652,26.54757863031348,30.946014628864376,48.01128202449661,64.61744709374699,92.35851766733694,63.21664546312635,98.89289107904447,118.85473522934019,151.51341046198849,143.24619362252224,199.22755274665647,127.2622809537489,198.7359954036196,155.99786596626583,175.6473919645422,249.85157521784924,291.0274825241789,405.3624437422197,419.0366752848798,498.5463947141626,522.0568802068371,419.8563631140476,314.30048836541226,266.4751508187302,230.04883654122375,200.63200229819014,198.6785406492387,180.86756679115194,190.6348750359092,182.1315713875323,177.5734942066456,213.38695777075552,242.6888825050273,278.96198410418464,330.786172555779,367.36569951163455,377.975677487312,436.00497941204634,551.4124293785311,562.4054390500814,476.18500430910655,549.1525423728813,655.90347601264,718.0695202528009,784.1424877908647,767.2507900028727,759.0922148807813,689.571962079862,683.0221200804366,563.8609594943981,556.1620224073542,560.1838552140189,555.2427463372594,554.4383797759265,566.963516230968,575.8115484056306,604.1941970698075,616.029876472278,648.7790864694052,690.0316001149095,692.4446997989082,680.8388394139615,666.0155127836829,758.9773053720195,753.8063774777362,811.8356794024705,898.1327204826199,992.9330652111462,1009.3651249640907,998.9083596667624,989.6006894570525,981.4421143349612,974.4326343004883,946.0499856363114,963.8609594943981,1103.7058316575697,1149.0950876185004,1140.4768744613616,1133.0077563918414,1126.6877334099397,1121.5168055156564,1117.4949727089916,1114.6222349899454,1230.1062912956047,1303.533467394427,1351.9103705831656,1265.84314852054,1262.2809537489227,1283.3093938523411,1304.5676529732834,1326.0557311117493,1372.1344441252513,1369.7213444412523,1391.8988796322894,1414.3062338408502,1436.9434070669347,1436.3688595231254,1394.656707842574,1417.9833381212295,1385.0043091065784,1391.7839701235275,1489.3421430623382,1626.1993679977018,1729.2731973570812,1753.9787417408788,1835.909221488078,1953.4616489514506,2011.4909508761848,2037.1157713300775,1937.948865268601,1907.0382074116633,1880.0344728526284,1881.2984774490087,1816.1447859810398,1802.7003734559034,1776.156276931916,1787.532318299339,1800.0574547543808,1800.4021832806663,1816.1447859810398,1822.4648089629416,1841.4248779086467,1870.267164607871,1890.6061476587186,1919.9080723929903,1958.1729388106864,1987.9345015800056,2038.149956908934,2068.371157713301,
15,1.4133869577707556,4.1597242171789715,8.388394139615052,12.640045963803502,19.13243320884803,20.300679881260177,31.1864406779661,34.47285262855501,43.66561332950301,43.780522838264865,25.701426793067125,42.746337259408214,66.30278655558747,96.98362539500143,92.50215455328929,81.35593220338981,78.48319448434358,129.38810686584316,142.8325193909796,168.45733984487214,52.51364550416547,67.10715311692041,90.20396437805228,132.37575409365124,149.4972708991669,181.09738580867565,201.4363688595231,239.01177822464808,214.30623384085033,221.08589485779947,200.51709278942832,207.75639184142486,202.8152829646653,210.51422005170926,230.85320310255673,314.8520540074691,323.2404481470841,368.6297041080149,439.5288710140764,471.12898592358516,
16,11.383805523420582,33.0349309378324,60.29397682658239,99.91381786842862,144.96655312512826,210.61955376807427,259.74145360528587,360.0625618436592,414.6078713013501,508.819304797472,600.1915158479363,753.2126783491334,754.656707842574,963.1255386383222,1037.345590347601,1085.4926745188163,1250.4740017236427,1538.4372306808386,1042.3058508091544,1638.456382265632,1853.7201953461647,2045.580771808867,2308.6086373647418,2613.999808484152,1248.7216317150244,1458.891123240448,2051.307095662166,2140.3619649525995,3428.152829646653,3569.0893421430624,3773.0537201953457,4019.074978454467,4444.412525136455,4697.098534903763,5413.846595805803,5975.12209135306,6772.938810686584,1531.1692042516518,1642.056880206837,1783.85521401896,1820.3964378052283,2085.3777650100546,2154.4383797759265,2474.6911806952025,2582.476299913818,2794.254524561907,3344.4412525136454,3905.544383797759,4467.911519678253,4792.186153404194,5034.18557885665,5475.208273484631,6348.750359092214,6789.42832519391,6911.347313990233,7145.647802355645,7612.754955472565,10659.580580293019,10467.911519678253,11033.151393277793,11328.353921286985,11771.330077563918,12593.392703246192,12833.093938523412,13613.214593507611,14177.65010054582,14753.576558460212,15506.463659867853,16024.130996839987,17507.153116920425,18598.908359666762,19258.029301924733,20117.55242746337,21580.580293019248,
17,1.391101477283609,4.3526329076458365,8.926379567000076,14.346278063600675,21.130090822707885,30.85842626204591,37.37750965559067,46.47371444987073,53.047153937702625,75.47786887057212,78.82792301062914,103.10516831631453,104.99281815570237,125.95358932618342,161.77822464808963,140.80723929905201,186.8100299585505,176.71440883161654,125.05984870248011,221.44977496887864,223.78626831370295,236.2156468447764,223.84372306808388,310.8302212008043,326.6647515081873,367.2737719046251,282.61993679977013,276.50100545820163,310.45676529732833,428.8710140764148,389.9741453605286,484.5446710715311,565.1249640907785,515.4457531360721,506.06147658718754,452.054007469118,324.5427559130518,268.04558077180883,273.6761467011395,278.1193143732644,266.0155127836828,290.376328641195,352.5423728813559,412.7549554725653,284.4584889399598,289.2272335535765,315.48405630565924,338.29359379488653,374.5475438092502,395.11634587762137,416.3746049985636,425.2226371732261,430.62338408503297,408.6182131571387,384.94685435219765,386.84286124676817,399.195633438667,407.5265728239011,426.3142775064636,439.24159724217174,441.6546969261706,449.58345303073827,460.9594943981614,483.59666762424587,502.0970985349037,533.6397586900316,516.8629704108015,532.3757540936513,548.1183567940246,565.9293306521114,584.8893995978167,595.8058029301924,614.1913243320885,634.8750359092214,660.2700373455903,680.2642918701522,695.2025280091927,713.0135018672795,733.6972134444125,757.9431197931629,787.1301350186727,823.3266302786556,869.2904337833955,921.2295317437517,963.0565929330652,998.7934501580005,1018.6727951738005,1073.7144498707266,1103.3611031312842,1123.9299051996552,1164.0333237575408,1156.4492961792587,1187.0152255099108,1248.0321746624531,1269.7500718184428,1323.7575409365124,1368.457339844872,1426.3717322608445,1473.8293593794886,1496.6963516230967,1545.532892846883,1568.8595231255385,1592.4159724217177,1590.4625107727663,1589.6581442114334,1638.7245044527433,1580.3504740017236,1605.0560183855214,1597.9316288422865,1539.3277793737432,1548.635449583453,1538.0637747773628,1557.3685722493535,1559.5518529158287,1561.1605860384946,1579.4311979316287,1589.5432347026715,1601.8385521401894,1627.3484630853202,1660.327492099971,1689.7443263430048,1715.9436943407065,1745.8201666187877,1772.4791726515368,1801.0916403332374,1829.9339270324617,1860.7296753806377,1908.5320310255672,1945.417983338121,1975.1795461074403,2013.4444125251364,2068.371157713301,
18,1.7957951136735628,6.3309667446409765,12.795994582837439,20.01723642631428,32.23211720769894,41.35100751015718,56.09499186057647,72.62280953748923,102.24073542085607,125.65354783108302,172.36426314277506,180.59944460404097,204.57722876568036,221.43062338408504,301.69491525423723,316.2884228669922,342.3728813559322,350.0718184429761,365.98678540649234,405.9752944556162,431.3128411376041,701.9821890261419,742.0856075840276,765.2973283539212,844.4699798908359,947.4288997414535,875.3806377477736,959.8391266877334,966.3889686871588,1013.6167767882791,1041.1950588911232,1154.725653547831,1206.3200229819017,1259.0634875035907,1289.8592358517667,1275.1508187302497,1283.539212869865,1315.0244182706117,1417.638609594944,1474.978454467107,1508.761850043091,1567.9402470554437,1577.707555300201,
19,1.5329973100728629,4.187232857155293,8.678279491264261,12.455494328519325,19.976576138598546,23.049802825729287,29.44236968942513,33.76185004309107,53.54783108302213,42.44580469803107,50.914488173896395,49.58867619022747,81.35593220338981,69.22659516741676,50.58891123240448,75.30881930479745,78.3518693314729,139.992612960151,98.76472278081012,73.00584123336205,94.22579718471702,109.52791343483672,113.16288422866992,116.51824188451592,165.72249353634012,168.50330364837686,184.4297615627693,159.81039931054295,128.95719620798621,133.0077563918414,177.3340993967251,185.60758402757827,212.0367710428038,140.49602604615532,159.3411854830987,182.3996935746433,225.8354878866226,218.6727951738006,222.31159628459253,219.400555395959,243.76137125347122,269.3478885377765,282.52417887580197,359.85827827252706,328.4113760413674,334.2717609882218,325.653547831083,355.12783682849755,379.3737431772479,403.3323757540936,409.65239873599535,454.86929043378336,478.13846595805796,523.5277219189888,495.8919850617638,477.62137316862965,443.72306808388396,439.70123527721915,438.26486641769606,459.752944556162,516.7480609020396,569.319161160586,607.9862108589485,609.9971272622809,641.8845159436943,661.2467681700659,532.3757540936513,553.8638322321171,560.9882217753519,585.5788566503878,616.4895145073255,637.1732260844584,663.0278655558747,690.0316001149095,697.0410801493823,729.9051996552714,747.4863544958345,789.198506176386,807.2392990519965,825.5099109451306,820.1091640333237,838.8394139615052,857.7994829072105,876.9893708704394,891.0083309393851,900.5458201666187,906.9807526572823,919.2760700948003,926.7451881643206,953.2892846883079,965.469692617064,1002.0109164033323,1010.3993105429473,1037.8626831370295,1050.9623671358804,1072.9100833093937,1095.0876185004308,1117.4949727089916,1140.132145935076,1171.617351335823,1186.095949439816,1224.9353634013214,1260.557311117495,1303.6483769031886,1317.5524274633724,1381.2122953174373,1393.2777937374317,1430.3935650675091,1468.6584314852053,1583.5679402470553,1608.962941683424,1634.5877621373168,1616.2022407354207,1634.1281241022693,1630.1062912956047,1686.9864981327203,1713.7604136742314,1748.9227233553574,1776.156276931916,1838.5521401896006,1936.2252226371731,2021.0284401034185,2086.0672220626257,2166.848606722206,2237.1732260844583,2266.015512783683,2253.3754668198794,2282.6773915541507,2285.5501292731974,2383.682849755817,2413.67423154266,2487.6759551852915,
20,6.980752657282391,24.169300009575796,53.05946567078425,85.45437134922913,145.87762137316864,166.56133295030162,268.6584314852054,301.59915733026907,407.35420856075837,548.4630853203103,602.7578282102843,663.3725940821603,754.8405630565928,953.2892846883079,1152.0827348463085,1320.5400746911805,1449.008905486929,1583.4530307382936,1808.330939385234,2171.330077563918,2400.459638035047,2405.400746911807,2543.866704969836,2651.6518241884514,
21,2.0100458767508473,2.89537141016601,5.753310177326264,8.228217248613687,12.821249419927963,13.439189365647279,20.33898305084746,23.66417696064349,31.764271350597113,34.28722957593971,39.95978167193336,41.98375597398867,36.20798621085895,55.079957866513446,51.752370008618215,52.12582591209422,52.66138630114498,66.51618992900235,76.0700948003447,91.6403332375754,84.53509527913435,99.30096715503207,119.68974432634302,133.96150531456476,158.66704969836252,137.40879057742026,184.17121516805514,187.5035909221488,204.68256248204537,197.32835392128698,171.0140764148233,145.56162022407352,156.24820453892556,180.36962558651726,181.86344920042134,166.50387819592072,174.20281528296468,184.39145839318203,215.60854160681797,247.4767787034377,257.39729962654405,241.61639375658334,246.82562482045387,262.3384085033036,248.83654122378624,261.8213157138753,267.9115196782534,311.86440677966095,391.3243320884803,390.80723929905196,354.32347026716457,388.91123240448144,379.0864694053432,438.7819592071244,429.2444699798908,490.03160011490945,495.1450732548118,549.5547256535478,549.382361390405,593.2203389830509,524.2171789715599,541.9706980752657,506.75093363975867,546.1074403906923,543.9241597242171,575.9839126687733,566.5038781959207,627.9804653835105,613.2720482619936,653.1456478023556,656.9376615914966,673.3697213444412,673.1399023269175,695.4323470267165,697.0410801493823,729.9051996552714,742.0856075840276,789.198506176386,813.789141051422,845.8488939959781,844.0103418557885,883.0795748348175,881.7006607296753,888.4803217466244,871.7035334673943,891.3530594656708,902.9589198506176,940.5343292157426,960.87331226659,981.4421143349612,1002.240735420856,1033.3812122953175,1035.3346739442688,1066.0155127836829,1066.47515081873,1081.5282964665325,1086.8141338695777,1109.2214880781385,1126.2280953748923,1149.5547256535478,1172.6515369146796,1204.8261993679976,1228.382648664177,1256.7652973283539,1280.7813846595805,1313.6455041654697,1338.1212295317437,1381.7868428612467,1398.448721631715,1441.0801493823612,1457.2823901177821,1474.6337259408215,1489.8017810973856,1509.9109451307095,1525.3088193047975,1551.8529158287847,1574.8348175811548,1601.8385521401894,1627.3484630853202,1655.7311117494971,1683.424303361103,1710.3131284113758,1739.500143636886,1767.8827923010629,1796.4952599827634,1824.3033611031312,1854.409652398736,1885.5501292731972,1917.839701235277,1943.0048836541223,1972.996265440965,2005.0560183855214,
22,1.2187372141408341,2.987647227808101,6.199890313650724,9.57579239682084,11.924071332287365,18.06168551356716,20.147467202911045,26.321459350761284,36.196495259982754,37.372107926546306,51.78588528200709,55.177456843644705,61.913243320884796,69.94158766637938,67.33697213444412,66.17351335823038,68.01001354290638,74.92099971272624,84.57339844872162,89.43790098630662,106.59772096140955,121.30613808292638,84.4355070382074,96.4780235564493,98.91410514220051,109.11806952025279,121.25825912094226,124.8204538925596,138.17868428612465,144.15397874174084,163.25768457339845,197.38580867566787,213.5593220338983,219.7835870918318,223.84372306808385,234.8367327396342,252.111462223499,267.12630470171405,268.6201283156181,287.1971655654505,302.135401704491,316.460787130135,325.117303456861,339.74911423920327,358.9198506176386,291.8701522550991,290.6061476587188,296.0068945705257,310.94513070956623,324.6193622522263,337.94886526860097,364.78023556449295,376.8457339844872,393.9672507900028,401.6661878770468,422.00517092789426,435.50703820741165,451.1347313990233,461.24676817006605,483.7690318873886,499.39672507900025,521.057167480609,549.1525423728813,578.9715598965814,591.7839701235278,617.8684286124676,708.9916690606148,734.0419419706981,721.8615340419419,737.8339557598391,754.0361964952599,798.391266877334,815.0531456478024,851.7092789428325,849.0663602413099,906.8658431485205,874.4613616776787,901.809824762999,910.3131284113759,938.1212295317437,928.698649813272,947.4288997414535,966.3889686871588,985.5788566503877,1004.9985636311404,1024.6480896294167,1018.6727951738005,1064.6365986785406,1067.5093363975868,1088.078138465958,1108.876759551853,1121.5168055156564,1111.5196782533753,1133.0077563918414,1154.725653547831,1176.6733697213444,1198.8509049123813,1236.4263142775064,1259.0634875035907,1298.017810973858,1321.1146222349898,1344.4412525136454,1367.9977018098248,1417.638609594944,1424.1884515943693,1465.900603274921,1472.9100833093937,1515.0818730249928,1522.550991094513,1565.1824188451594,1573.111174949727,1616.2022407354207,1642.056880206837,1696.0643493249065,1694.4556162022407,1748.9227233553574,1775.6966388968685,1822.4648089629416,1829.9339270324617,1897.8454467107151,1925.538638322321,1975.0646365986784,2014.3636885952312,2042.7463372594082,2071.3588049411087,2159.3794886526857,2176.156276931916,2205.4582016661875,2234.989945417983,2277.0468256248205,2332.31829933927,2415.857512209135,
